<?xml version="1.0" encoding="utf-8"?>
<DataSet>
<fundcode>050021</fundcode>
<fundname>博时基本面200ETF联接</fundname>
<Data>
<fld_enddate>2012-01-18</fld_enddate>
<fld_unitnetvalue>0.7364</fld_unitnetvalue>
<fld_netvalue>0.7364</fld_netvalue>
<fld_newprice>2266.380</fld_newprice>
</Data>
<Data>
<fld_enddate>2012-01-17</fld_enddate>
<fld_unitnetvalue>0.7473</fld_unitnetvalue>
<fld_netvalue>0.7473</fld_netvalue>
<fld_newprice>2298.380</fld_newprice>
</Data>
<Data>
<fld_enddate>2012-01-16</fld_enddate>
<fld_unitnetvalue>0.7134</fld_unitnetvalue>
<fld_netvalue>0.7134</fld_netvalue>
<fld_newprice>2206.190</fld_newprice>
</Data>
<Data>
<fld_enddate>2012-01-13</fld_enddate>
<fld_unitnetvalue>0.7272</fld_unitnetvalue>
<fld_netvalue>0.7272</fld_netvalue>
<fld_newprice>2244.580</fld_newprice>
</Data>
<Data>
<fld_enddate>2012-01-12</fld_enddate>
<fld_unitnetvalue>0.7448</fld_unitnetvalue>
<fld_netvalue>0.7448</fld_netvalue>
<fld_newprice>2275.010</fld_newprice>
</Data>
<Data>
<fld_enddate>2012-01-11</fld_enddate>
<fld_unitnetvalue>0.7466</fld_unitnetvalue>
<fld_netvalue>0.7466</fld_netvalue>
<fld_newprice>2276.050</fld_newprice>
</Data>
<Data>
<fld_enddate>2012-01-10</fld_enddate>
<fld_unitnetvalue>0.7494</fld_unitnetvalue>
<fld_netvalue>0.7494</fld_netvalue>
<fld_newprice>2285.740</fld_newprice>
</Data>
<Data>
<fld_enddate>2012-01-09</fld_enddate>
<fld_unitnetvalue>0.7246</fld_unitnetvalue>
<fld_netvalue>0.7246</fld_netvalue>
<fld_newprice>2225.890</fld_newprice>
</Data>
<Data>
<fld_enddate>2012-01-06</fld_enddate>
<fld_unitnetvalue>0.7005</fld_unitnetvalue>
<fld_netvalue>0.7005</fld_netvalue>
<fld_newprice>2163.400</fld_newprice>
</Data>
<Data>
<fld_enddate>2012-01-05</fld_enddate>
<fld_unitnetvalue>0.6971</fld_unitnetvalue>
<fld_netvalue>0.6971</fld_netvalue>
<fld_newprice>2148.450</fld_newprice>
</Data>
<Data>
<fld_enddate>2012-01-04</fld_enddate>
<fld_unitnetvalue>0.7089</fld_unitnetvalue>
<fld_netvalue>0.7089</fld_netvalue>
<fld_newprice>2169.390</fld_newprice>
</Data>
<Data>
<fld_enddate>2011-12-30</fld_enddate>
<fld_unitnetvalue>0.7237</fld_unitnetvalue>
<fld_netvalue>0.7237</fld_netvalue>
<fld_newprice>2199.420</fld_newprice>
</Data>
<Data>
<fld_enddate>2011-12-29</fld_enddate>
<fld_unitnetvalue>0.7135</fld_unitnetvalue>
<fld_netvalue>0.7135</fld_netvalue>
<fld_newprice>2173.560</fld_newprice>
</Data>
<Data>
<fld_enddate>2011-12-28</fld_enddate>
<fld_unitnetvalue>0.7133</fld_unitnetvalue>
<fld_netvalue>0.7133</fld_netvalue>
<fld_newprice>2170.010</fld_newprice>
</Data>
<Data>
<fld_enddate>2011-12-27</fld_enddate>
<fld_unitnetvalue>0.7139</fld_unitnetvalue>
<fld_netvalue>0.7139</fld_netvalue>
<fld_newprice>2166.210</fld_newprice>
</Data>
<Data>
<fld_enddate>2011-12-26</fld_enddate>
<fld_unitnetvalue>0.7269</fld_unitnetvalue>
<fld_netvalue>0.7269</fld_netvalue>
<fld_newprice>2190.110</fld_newprice>
</Data>
<Data>
<fld_enddate>2011-12-23</fld_enddate>
<fld_unitnetvalue>0.7308</fld_unitnetvalue>
<fld_netvalue>0.7308</fld_netvalue>
<fld_newprice>2204.780</fld_newprice>
</Data>
<Data>
<fld_enddate>2011-12-22</fld_enddate>
<fld_unitnetvalue>0.7242</fld_unitnetvalue>
<fld_netvalue>0.7242</fld_netvalue>
<fld_newprice>2186.300</fld_newprice>
</Data>
<Data>
<fld_enddate>2011-12-21</fld_enddate>
<fld_unitnetvalue>0.7274</fld_unitnetvalue>
<fld_netvalue>0.7274</fld_netvalue>
<fld_newprice>2191.150</fld_newprice>
</Data>
<Data>
<fld_enddate>2011-12-20</fld_enddate>
<fld_unitnetvalue>0.7398</fld_unitnetvalue>
<fld_netvalue>0.7398</fld_netvalue>
<fld_newprice>2215.930</fld_newprice>
</Data>
<Data>
<fld_enddate>2011-12-19</fld_enddate>
<fld_unitnetvalue>0.7412</fld_unitnetvalue>
<fld_netvalue>0.7412</fld_netvalue>
<fld_newprice>2218.240</fld_newprice>
</Data>
<Data>
<fld_enddate>2011-12-16</fld_enddate>
<fld_unitnetvalue>0.7421</fld_unitnetvalue>
<fld_netvalue>0.7421</fld_netvalue>
<fld_newprice>2224.840</fld_newprice>
</Data>
<Data>
<fld_enddate>2011-12-15</fld_enddate>
<fld_unitnetvalue>0.7260</fld_unitnetvalue>
<fld_netvalue>0.7260</fld_netvalue>
<fld_newprice>2180.900</fld_newprice>
</Data>
<Data>
<fld_enddate>2011-12-14</fld_enddate>
<fld_unitnetvalue>0.7418</fld_unitnetvalue>
<fld_netvalue>0.7418</fld_netvalue>
<fld_newprice>2228.520</fld_newprice>
</Data>
<Data>
<fld_enddate>2011-12-13</fld_enddate>
<fld_unitnetvalue>0.7506</fld_unitnetvalue>
<fld_netvalue>0.7506</fld_netvalue>
<fld_newprice>2248.590</fld_newprice>
</Data>
<Data>
<fld_enddate>2011-12-12</fld_enddate>
<fld_unitnetvalue>0.7679</fld_unitnetvalue>
<fld_netvalue>0.7679</fld_netvalue>
<fld_newprice>2291.550</fld_newprice>
</Data>
<Data>
<fld_enddate>2011-12-09</fld_enddate>
<fld_unitnetvalue>0.7774</fld_unitnetvalue>
<fld_netvalue>0.7774</fld_netvalue>
<fld_newprice>2315.270</fld_newprice>
</Data>
<Data>
<fld_enddate>2011-12-08</fld_enddate>
<fld_unitnetvalue>0.7843</fld_unitnetvalue>
<fld_netvalue>0.7843</fld_netvalue>
<fld_newprice>2329.820</fld_newprice>
</Data>
<Data>
<fld_enddate>2011-12-07</fld_enddate>
<fld_unitnetvalue>0.7849</fld_unitnetvalue>
<fld_netvalue>0.7849</fld_netvalue>
<fld_newprice>2332.730</fld_newprice>
</Data>
<Data>
<fld_enddate>2011-12-06</fld_enddate>
<fld_unitnetvalue>0.7839</fld_unitnetvalue>
<fld_netvalue>0.7839</fld_netvalue>
<fld_newprice>2325.910</fld_newprice>
</Data>
<Data>
<fld_enddate>2011-12-05</fld_enddate>
<fld_unitnetvalue>0.7837</fld_unitnetvalue>
<fld_netvalue>0.7837</fld_netvalue>
<fld_newprice>2333.230</fld_newprice>
</Data>
<Data>
<fld_enddate>2011-12-02</fld_enddate>
<fld_unitnetvalue>0.7997</fld_unitnetvalue>
<fld_netvalue>0.7997</fld_netvalue>
<fld_newprice>2360.660</fld_newprice>
</Data>
<Data>
<fld_enddate>2011-12-01</fld_enddate>
<fld_unitnetvalue>0.8103</fld_unitnetvalue>
<fld_netvalue>0.8103</fld_netvalue>
<fld_newprice>2386.860</fld_newprice>
</Data>
<Data>
<fld_enddate>2011-11-30</fld_enddate>
<fld_unitnetvalue>0.7942</fld_unitnetvalue>
<fld_netvalue>0.7942</fld_netvalue>
<fld_newprice>2333.410</fld_newprice>
</Data>
<Data>
<fld_enddate>2011-11-29</fld_enddate>
<fld_unitnetvalue>0.8236</fld_unitnetvalue>
<fld_netvalue>0.8236</fld_netvalue>
<fld_newprice>2412.390</fld_newprice>
</Data>
<Data>
<fld_enddate>2011-11-28</fld_enddate>
<fld_unitnetvalue>0.8133</fld_unitnetvalue>
<fld_netvalue>0.8133</fld_netvalue>
<fld_newprice>2383.030</fld_newprice>
</Data>
<Data>
<fld_enddate>2011-11-25</fld_enddate>
<fld_unitnetvalue>0.8133</fld_unitnetvalue>
<fld_netvalue>0.8133</fld_netvalue>
<fld_newprice>2380.220</fld_newprice>
</Data>
<Data>
<fld_enddate>2011-11-24</fld_enddate>
<fld_unitnetvalue>0.8214</fld_unitnetvalue>
<fld_netvalue>0.8214</fld_netvalue>
<fld_newprice>2397.550</fld_newprice>
</Data>
<Data>
<fld_enddate>2011-11-23</fld_enddate>
<fld_unitnetvalue>0.8212</fld_unitnetvalue>
<fld_netvalue>0.8212</fld_netvalue>
<fld_newprice>2395.070</fld_newprice>
</Data>
<Data>
<fld_enddate>2011-11-22</fld_enddate>
<fld_unitnetvalue>0.8270</fld_unitnetvalue>
<fld_netvalue>0.8270</fld_netvalue>
<fld_newprice>2412.630</fld_newprice>
</Data>
<Data>
<fld_enddate>2011-11-21</fld_enddate>
<fld_unitnetvalue>0.8283</fld_unitnetvalue>
<fld_netvalue>0.8283</fld_netvalue>
<fld_newprice>2415.130</fld_newprice>
</Data>
<Data>
<fld_enddate>2011-11-18</fld_enddate>
<fld_unitnetvalue>0.8268</fld_unitnetvalue>
<fld_netvalue>0.8268</fld_netvalue>
<fld_newprice>2416.560</fld_newprice>
</Data>
<Data>
<fld_enddate>2011-11-17</fld_enddate>
<fld_unitnetvalue>0.8483</fld_unitnetvalue>
<fld_netvalue>0.8483</fld_netvalue>
<fld_newprice>2463.050</fld_newprice>
</Data>
<Data>
<fld_enddate>2011-11-16</fld_enddate>
<fld_unitnetvalue>0.8500</fld_unitnetvalue>
<fld_netvalue>0.8500</fld_netvalue>
<fld_newprice>2466.960</fld_newprice>
</Data>
<Data>
<fld_enddate>2011-11-15</fld_enddate>
<fld_unitnetvalue>0.8705</fld_unitnetvalue>
<fld_netvalue>0.8705</fld_netvalue>
<fld_newprice>2529.760</fld_newprice>
</Data>
<Data>
<fld_enddate>2011-11-14</fld_enddate>
<fld_unitnetvalue>0.8702</fld_unitnetvalue>
<fld_netvalue>0.8702</fld_netvalue>
<fld_newprice>2528.710</fld_newprice>
</Data>
<Data>
<fld_enddate>2011-11-11</fld_enddate>
<fld_unitnetvalue>0.8534</fld_unitnetvalue>
<fld_netvalue>0.8534</fld_netvalue>
<fld_newprice>2481.080</fld_newprice>
</Data>
<Data>
<fld_enddate>2011-11-10</fld_enddate>
<fld_unitnetvalue>0.8558</fld_unitnetvalue>
<fld_netvalue>0.8558</fld_netvalue>
<fld_newprice>2479.540</fld_newprice>
</Data>
<Data>
<fld_enddate>2011-11-09</fld_enddate>
<fld_unitnetvalue>0.8670</fld_unitnetvalue>
<fld_netvalue>0.8670</fld_netvalue>
<fld_newprice>2524.920</fld_newprice>
</Data>
<Data>
<fld_enddate>2011-11-08</fld_enddate>
<fld_unitnetvalue>0.8600</fld_unitnetvalue>
<fld_netvalue>0.8600</fld_netvalue>
<fld_newprice>2503.840</fld_newprice>
</Data>
<Data>
<fld_enddate>2011-11-07</fld_enddate>
<fld_unitnetvalue>0.8648</fld_unitnetvalue>
<fld_netvalue>0.8648</fld_netvalue>
<fld_newprice>2509.800</fld_newprice>
</Data>
<Data>
<fld_enddate>2011-11-04</fld_enddate>
<fld_unitnetvalue>0.8715</fld_unitnetvalue>
<fld_netvalue>0.8715</fld_netvalue>
<fld_newprice>2528.290</fld_newprice>
</Data>
<Data>
<fld_enddate>2011-11-03</fld_enddate>
<fld_unitnetvalue>0.8661</fld_unitnetvalue>
<fld_netvalue>0.8661</fld_netvalue>
<fld_newprice>2508.090</fld_newprice>
</Data>
<Data>
<fld_enddate>2011-11-02</fld_enddate>
<fld_unitnetvalue>0.8624</fld_unitnetvalue>
<fld_netvalue>0.8624</fld_netvalue>
<fld_newprice>2504.110</fld_newprice>
</Data>
<Data>
<fld_enddate>2011-11-01</fld_enddate>
<fld_unitnetvalue>0.8521</fld_unitnetvalue>
<fld_netvalue>0.8521</fld_netvalue>
<fld_newprice>2470.020</fld_newprice>
</Data>
<Data>
<fld_enddate>2011-10-31</fld_enddate>
<fld_unitnetvalue>0.8542</fld_unitnetvalue>
<fld_netvalue>0.8542</fld_netvalue>
<fld_newprice>2468.250</fld_newprice>
</Data>
<Data>
<fld_enddate>2011-10-28</fld_enddate>
<fld_unitnetvalue>0.8570</fld_unitnetvalue>
<fld_netvalue>0.8570</fld_netvalue>
<fld_newprice>2473.410</fld_newprice>
</Data>
<Data>
<fld_enddate>2011-10-27</fld_enddate>
<fld_unitnetvalue>0.8401</fld_unitnetvalue>
<fld_netvalue>0.8401</fld_netvalue>
<fld_newprice>2435.610</fld_newprice>
</Data>
<Data>
<fld_enddate>2011-10-26</fld_enddate>
<fld_unitnetvalue>0.8393</fld_unitnetvalue>
<fld_netvalue>0.8393</fld_netvalue>
<fld_newprice>2427.480</fld_newprice>
</Data>
<Data>
<fld_enddate>2011-10-25</fld_enddate>
<fld_unitnetvalue>0.8316</fld_unitnetvalue>
<fld_netvalue>0.8316</fld_netvalue>
<fld_newprice>2409.670</fld_newprice>
</Data>
<Data>
<fld_enddate>2011-10-24</fld_enddate>
<fld_unitnetvalue>0.8132</fld_unitnetvalue>
<fld_netvalue>0.8132</fld_netvalue>
<fld_newprice>2370.330</fld_newprice>
</Data>
<Data>
<fld_enddate>2011-10-21</fld_enddate>
<fld_unitnetvalue>0.7959</fld_unitnetvalue>
<fld_netvalue>0.7959</fld_netvalue>
<fld_newprice>2317.280</fld_newprice>
</Data>
<Data>
<fld_enddate>2011-10-20</fld_enddate>
<fld_unitnetvalue>0.8048</fld_unitnetvalue>
<fld_netvalue>0.8048</fld_netvalue>
<fld_newprice>2331.370</fld_newprice>
</Data>
<Data>
<fld_enddate>2011-10-19</fld_enddate>
<fld_unitnetvalue>0.8257</fld_unitnetvalue>
<fld_netvalue>0.8257</fld_netvalue>
<fld_newprice>2377.510</fld_newprice>
</Data>
<Data>
<fld_enddate>2011-10-18</fld_enddate>
<fld_unitnetvalue>0.8321</fld_unitnetvalue>
<fld_netvalue>0.8321</fld_netvalue>
<fld_newprice>2383.490</fld_newprice>
</Data>
<Data>
<fld_enddate>2011-10-17</fld_enddate>
<fld_unitnetvalue>0.8560</fld_unitnetvalue>
<fld_netvalue>0.8560</fld_netvalue>
<fld_newprice>2440.400</fld_newprice>
</Data>
<Data>
<fld_enddate>2011-10-14</fld_enddate>
<fld_unitnetvalue>0.8546</fld_unitnetvalue>
<fld_netvalue>0.8546</fld_netvalue>
<fld_newprice>2431.380</fld_newprice>
</Data>
<Data>
<fld_enddate>2011-10-13</fld_enddate>
<fld_unitnetvalue>0.8585</fld_unitnetvalue>
<fld_netvalue>0.8585</fld_netvalue>
<fld_newprice>2438.790</fld_newprice>
</Data>
<Data>
<fld_enddate>2011-10-12</fld_enddate>
<fld_unitnetvalue>0.8515</fld_unitnetvalue>
<fld_netvalue>0.8515</fld_netvalue>
<fld_newprice>2420.000</fld_newprice>
</Data>
<Data>
<fld_enddate>2011-10-11</fld_enddate>
<fld_unitnetvalue>0.8243</fld_unitnetvalue>
<fld_netvalue>0.8243</fld_netvalue>
<fld_newprice>2348.520</fld_newprice>
</Data>
<Data>
<fld_enddate>2011-10-10</fld_enddate>
<fld_unitnetvalue>0.8273</fld_unitnetvalue>
<fld_netvalue>0.8273</fld_netvalue>
<fld_newprice>2344.790</fld_newprice>
</Data>
<Data>
<fld_enddate>2011-09-30</fld_enddate>
<fld_unitnetvalue>0.8339</fld_unitnetvalue>
<fld_netvalue>0.8339</fld_netvalue>
<fld_newprice>2359.220</fld_newprice>
</Data>
<Data>
<fld_enddate>2011-09-29</fld_enddate>
<fld_unitnetvalue>0.8346</fld_unitnetvalue>
<fld_netvalue>0.8346</fld_netvalue>
<fld_newprice>2365.340</fld_newprice>
</Data>
<Data>
<fld_enddate>2011-09-28</fld_enddate>
<fld_unitnetvalue>0.8449</fld_unitnetvalue>
<fld_netvalue>0.8449</fld_netvalue>
<fld_newprice>2392.060</fld_newprice>
</Data>
<Data>
<fld_enddate>2011-09-27</fld_enddate>
<fld_unitnetvalue>0.8539</fld_unitnetvalue>
<fld_netvalue>0.8539</fld_netvalue>
<fld_newprice>2415.050</fld_newprice>
</Data>
<Data>
<fld_enddate>2011-09-26</fld_enddate>
<fld_unitnetvalue>0.8464</fld_unitnetvalue>
<fld_netvalue>0.8464</fld_netvalue>
<fld_newprice>2393.180</fld_newprice>
</Data>
<Data>
<fld_enddate>2011-09-23</fld_enddate>
<fld_unitnetvalue>0.8605</fld_unitnetvalue>
<fld_netvalue>0.8605</fld_netvalue>
<fld_newprice>2433.160</fld_newprice>
</Data>
<Data>
<fld_enddate>2011-09-22</fld_enddate>
<fld_unitnetvalue>0.8670</fld_unitnetvalue>
<fld_netvalue>0.8670</fld_netvalue>
<fld_newprice>2443.060</fld_newprice>
</Data>
<Data>
<fld_enddate>2011-09-21</fld_enddate>
<fld_unitnetvalue>0.8915</fld_unitnetvalue>
<fld_netvalue>0.8915</fld_netvalue>
<fld_newprice>2512.960</fld_newprice>
</Data>
<Data>
<fld_enddate>2011-09-20</fld_enddate>
<fld_unitnetvalue>0.8677</fld_unitnetvalue>
<fld_netvalue>0.8677</fld_netvalue>
<fld_newprice>2447.760</fld_newprice>
</Data>
<Data>
<fld_enddate>2011-09-19</fld_enddate>
<fld_unitnetvalue>0.8655</fld_unitnetvalue>
<fld_netvalue>0.8655</fld_netvalue>
<fld_newprice>2437.800</fld_newprice>
</Data>
<Data>
<fld_enddate>2011-09-16</fld_enddate>
<fld_unitnetvalue>0.8833</fld_unitnetvalue>
<fld_netvalue>0.8833</fld_netvalue>
<fld_newprice>2482.340</fld_newprice>
</Data>
<Data>
<fld_enddate>2011-09-15</fld_enddate>
<fld_unitnetvalue>0.8827</fld_unitnetvalue>
<fld_netvalue>0.8827</fld_netvalue>
<fld_newprice>2479.050</fld_newprice>
</Data>
<Data>
<fld_enddate>2011-09-14</fld_enddate>
<fld_unitnetvalue>0.8830</fld_unitnetvalue>
<fld_netvalue>0.8830</fld_netvalue>
<fld_newprice>2484.830</fld_newprice>
</Data>
<Data>
<fld_enddate>2011-09-13</fld_enddate>
<fld_unitnetvalue>0.8769</fld_unitnetvalue>
<fld_netvalue>0.8769</fld_netvalue>
<fld_newprice>2471.300</fld_newprice>
</Data>
<Data>
<fld_enddate>2011-09-09</fld_enddate>
<fld_unitnetvalue>0.8858</fld_unitnetvalue>
<fld_netvalue>0.8858</fld_netvalue>
<fld_newprice>2497.750</fld_newprice>
</Data>
<Data>
<fld_enddate>2011-09-08</fld_enddate>
<fld_unitnetvalue>0.8888</fld_unitnetvalue>
<fld_netvalue>0.8888</fld_netvalue>
<fld_newprice>2498.940</fld_newprice>
</Data>
<Data>
<fld_enddate>2011-09-07</fld_enddate>
<fld_unitnetvalue>0.8967</fld_unitnetvalue>
<fld_netvalue>0.8967</fld_netvalue>
<fld_newprice>2516.090</fld_newprice>
</Data>
<Data>
<fld_enddate>2011-09-06</fld_enddate>
<fld_unitnetvalue>0.8781</fld_unitnetvalue>
<fld_netvalue>0.8781</fld_netvalue>
<fld_newprice>2470.520</fld_newprice>
</Data>
<Data>
<fld_enddate>2011-09-05</fld_enddate>
<fld_unitnetvalue>0.8871</fld_unitnetvalue>
<fld_netvalue>0.8871</fld_netvalue>
<fld_newprice>2478.740</fld_newprice>
</Data>
<Data>
<fld_enddate>2011-09-02</fld_enddate>
<fld_unitnetvalue>0.9067</fld_unitnetvalue>
<fld_netvalue>0.9067</fld_netvalue>
<fld_newprice>2528.280</fld_newprice>
</Data>
<Data>
<fld_enddate>2011-09-01</fld_enddate>
<fld_unitnetvalue>0.9149</fld_unitnetvalue>
<fld_netvalue>0.9149</fld_netvalue>
<fld_newprice>2556.040</fld_newprice>
</Data>
<Data>
<fld_enddate>2011-08-31</fld_enddate>
<fld_unitnetvalue>0.9192</fld_unitnetvalue>
<fld_netvalue>0.9192</fld_netvalue>
<fld_newprice>2567.340</fld_newprice>
</Data>
<Data>
<fld_enddate>2011-08-30</fld_enddate>
<fld_unitnetvalue>0.9196</fld_unitnetvalue>
<fld_netvalue>0.9196</fld_netvalue>
<fld_newprice>2566.590</fld_newprice>
</Data>
<Data>
<fld_enddate>2011-08-29</fld_enddate>
<fld_unitnetvalue>0.9239</fld_unitnetvalue>
<fld_netvalue>0.9239</fld_netvalue>
<fld_newprice>2576.410</fld_newprice>
</Data>
<Data>
<fld_enddate>2011-08-26</fld_enddate>
<fld_unitnetvalue>0.9376</fld_unitnetvalue>
<fld_netvalue>0.9376</fld_netvalue>
<fld_newprice>2612.190</fld_newprice>
</Data>
<Data>
<fld_enddate>2011-08-25</fld_enddate>
<fld_unitnetvalue>0.9387</fld_unitnetvalue>
<fld_netvalue>0.9387</fld_netvalue>
<fld_newprice>2615.260</fld_newprice>
</Data>
<Data>
<fld_enddate>2011-08-24</fld_enddate>
<fld_unitnetvalue>0.9138</fld_unitnetvalue>
<fld_netvalue>0.9138</fld_netvalue>
<fld_newprice>2541.090</fld_newprice>
</Data>
<Data>
<fld_enddate>2011-08-23</fld_enddate>
<fld_unitnetvalue>0.9163</fld_unitnetvalue>
<fld_netvalue>0.9163</fld_netvalue>
<fld_newprice>2554.020</fld_newprice>
</Data>
<Data>
<fld_enddate>2011-08-22</fld_enddate>
<fld_unitnetvalue>0.9033</fld_unitnetvalue>
<fld_netvalue>0.9033</fld_netvalue>
<fld_newprice>2515.860</fld_newprice>
</Data>
<Data>
<fld_enddate>2011-08-19</fld_enddate>
<fld_unitnetvalue>0.9107</fld_unitnetvalue>
<fld_netvalue>0.9107</fld_netvalue>
<fld_newprice>2534.360</fld_newprice>
</Data>
<Data>
<fld_enddate>2011-08-18</fld_enddate>
<fld_unitnetvalue>0.9197</fld_unitnetvalue>
<fld_netvalue>0.9197</fld_netvalue>
<fld_newprice>2559.470</fld_newprice>
</Data>
<Data>
<fld_enddate>2011-08-17</fld_enddate>
<fld_unitnetvalue>0.9354</fld_unitnetvalue>
<fld_netvalue>0.9354</fld_netvalue>
<fld_newprice>2601.260</fld_newprice>
</Data>
<Data>
<fld_enddate>2011-08-16</fld_enddate>
<fld_unitnetvalue>0.9399</fld_unitnetvalue>
<fld_netvalue>0.9399</fld_netvalue>
<fld_newprice>2608.170</fld_newprice>
</Data>
<Data>
<fld_enddate>2011-08-15</fld_enddate>
<fld_unitnetvalue>0.9470</fld_unitnetvalue>
<fld_netvalue>0.9470</fld_netvalue>
<fld_newprice>2626.770</fld_newprice>
</Data>
<Data>
<fld_enddate>2011-08-12</fld_enddate>
<fld_unitnetvalue>0.9351</fld_unitnetvalue>
<fld_netvalue>0.9351</fld_netvalue>
<fld_newprice>2593.170</fld_newprice>
</Data>
<Data>
<fld_enddate>2011-08-11</fld_enddate>
<fld_unitnetvalue>0.9287</fld_unitnetvalue>
<fld_netvalue>0.9287</fld_netvalue>
<fld_newprice>2581.510</fld_newprice>
</Data>
<Data>
<fld_enddate>2011-08-10</fld_enddate>
<fld_unitnetvalue>0.9170</fld_unitnetvalue>
<fld_netvalue>0.9170</fld_netvalue>
<fld_newprice>2549.180</fld_newprice>
</Data>
<Data>
<fld_enddate>2011-08-09</fld_enddate>
<fld_unitnetvalue>0.9076</fld_unitnetvalue>
<fld_netvalue>0.9076</fld_netvalue>
<fld_newprice>2526.070</fld_newprice>
</Data>
<Data>
<fld_enddate>2011-08-08</fld_enddate>
<fld_unitnetvalue>0.9090</fld_unitnetvalue>
<fld_netvalue>0.9090</fld_netvalue>
<fld_newprice>2535.690</fld_newprice>
</Data>
<Data>
<fld_enddate>2011-08-05</fld_enddate>
<fld_unitnetvalue>0.9483</fld_unitnetvalue>
<fld_netvalue>0.9483</fld_netvalue>
<fld_newprice>2626.420</fld_newprice>
</Data>
<Data>
<fld_enddate>2011-08-04</fld_enddate>
<fld_unitnetvalue>0.9677</fld_unitnetvalue>
<fld_netvalue>0.9677</fld_netvalue>
<fld_newprice>2684.040</fld_newprice>
</Data>
<Data>
<fld_enddate>2011-08-03</fld_enddate>
<fld_unitnetvalue>0.9669</fld_unitnetvalue>
<fld_netvalue>0.9669</fld_netvalue>
<fld_newprice>2678.490</fld_newprice>
</Data>
<Data>
<fld_enddate>2011-08-02</fld_enddate>
<fld_unitnetvalue>0.9666</fld_unitnetvalue>
<fld_netvalue>0.9666</fld_netvalue>
<fld_newprice>2679.260</fld_newprice>
</Data>
<Data>
<fld_enddate>2011-08-01</fld_enddate>
<fld_unitnetvalue>0.9722</fld_unitnetvalue>
<fld_netvalue>0.9722</fld_netvalue>
<fld_newprice>2703.780</fld_newprice>
</Data>
<Data>
<fld_enddate>2011-07-29</fld_enddate>
<fld_unitnetvalue>0.9692</fld_unitnetvalue>
<fld_netvalue>0.9692</fld_netvalue>
<fld_newprice>2701.730</fld_newprice>
</Data>
<Data>
<fld_enddate>2011-07-28</fld_enddate>
<fld_unitnetvalue>0.9753</fld_unitnetvalue>
<fld_netvalue>0.9753</fld_netvalue>
<fld_newprice>2708.780</fld_newprice>
</Data>
<Data>
<fld_enddate>2011-07-27</fld_enddate>
<fld_unitnetvalue>0.9792</fld_unitnetvalue>
<fld_netvalue>0.9792</fld_netvalue>
<fld_newprice>2723.490</fld_newprice>
</Data>
<Data>
<fld_enddate>2011-07-26</fld_enddate>
<fld_unitnetvalue>0.9695</fld_unitnetvalue>
<fld_netvalue>0.9695</fld_netvalue>
<fld_newprice>2703.030</fld_newprice>
</Data>
<Data>
<fld_enddate>2011-07-25</fld_enddate>
<fld_unitnetvalue>0.9655</fld_unitnetvalue>
<fld_netvalue>0.9655</fld_netvalue>
<fld_newprice>2688.750</fld_newprice>
</Data>
<Data>
<fld_enddate>2011-07-22</fld_enddate>
<fld_unitnetvalue>0.9983</fld_unitnetvalue>
<fld_netvalue>0.9983</fld_netvalue>
<fld_newprice>2770.790</fld_newprice>
</Data>
<Data>
<fld_enddate>2011-07-21</fld_enddate>
<fld_unitnetvalue>0.9947</fld_unitnetvalue>
<fld_netvalue>0.9947</fld_netvalue>
<fld_newprice>2765.890</fld_newprice>
</Data>
<Data>
<fld_enddate>2011-07-20</fld_enddate>
<fld_unitnetvalue>1.0047</fld_unitnetvalue>
<fld_netvalue>1.0047</fld_netvalue>
<fld_newprice>2794.200</fld_newprice>
</Data>
<Data>
<fld_enddate>2011-07-19</fld_enddate>
<fld_unitnetvalue>1.0050</fld_unitnetvalue>
<fld_netvalue>1.0050</fld_netvalue>
<fld_newprice>2796.980</fld_newprice>
</Data>
<Data>
<fld_enddate>2011-07-18</fld_enddate>
<fld_unitnetvalue>1.0146</fld_unitnetvalue>
<fld_netvalue>1.0146</fld_netvalue>
<fld_newprice>2816.690</fld_newprice>
</Data>
<Data>
<fld_enddate>2011-07-15</fld_enddate>
<fld_unitnetvalue>1.0177</fld_unitnetvalue>
<fld_netvalue>1.0177</fld_netvalue>
<fld_newprice>2820.170</fld_newprice>
</Data>
<Data>
<fld_enddate>2011-07-14</fld_enddate>
<fld_unitnetvalue>1.0152</fld_unitnetvalue>
<fld_netvalue>1.0152</fld_netvalue>
<fld_newprice>2810.440</fld_newprice>
</Data>
<Data>
<fld_enddate>2011-07-13</fld_enddate>
<fld_unitnetvalue>1.0120</fld_unitnetvalue>
<fld_netvalue>1.0120</fld_netvalue>
<fld_newprice>2795.480</fld_newprice>
</Data>
<Data>
<fld_enddate>2011-07-12</fld_enddate>
<fld_unitnetvalue>0.9985</fld_unitnetvalue>
<fld_netvalue>0.9985</fld_netvalue>
<fld_newprice>2754.580</fld_newprice>
</Data>
<Data>
<fld_enddate>2011-07-08</fld_enddate>
<fld_unitnetvalue>1.0015</fld_unitnetvalue>
<fld_netvalue>1.0015</fld_netvalue>
<fld_newprice>2797.770</fld_newprice>
</Data>
<Data>
<fld_enddate>2011-07-04</fld_enddate>
<fld_unitnetvalue>1.0018</fld_unitnetvalue>
<fld_netvalue>1.0018</fld_netvalue>
<fld_newprice>2812.820</fld_newprice>
</Data>
<Data>
<fld_enddate>2011-07-01</fld_enddate>
<fld_unitnetvalue>1.0016</fld_unitnetvalue>
<fld_netvalue>1.0016</fld_netvalue>
<fld_newprice>2759.360</fld_newprice>
</Data>
<Data>
<fld_enddate>2011-06-30</fld_enddate>
<fld_unitnetvalue>1.0014</fld_unitnetvalue>
<fld_netvalue>1.0014</fld_netvalue>
<fld_newprice>2762.080</fld_newprice>
</Data>
<Data>
<fld_enddate>2011-06-24</fld_enddate>
<fld_unitnetvalue>1.0008</fld_unitnetvalue>
<fld_netvalue>1.0008</fld_netvalue>
<fld_newprice>2746.210</fld_newprice>
</Data>
<Data>
<fld_enddate>2011-06-17</fld_enddate>
<fld_unitnetvalue>1.0002</fld_unitnetvalue>
<fld_netvalue>1.0002</fld_netvalue>
<fld_newprice>2642.820</fld_newprice>
</Data>
<Data>
<fld_enddate>2011-06-10</fld_enddate>
<fld_unitnetvalue>1.0000</fld_unitnetvalue>
<fld_netvalue>1.0000</fld_netvalue>
<fld_newprice>2705.140</fld_newprice>
</Data>
</DataSet>
